,Name,Rating,Genre,Release Date,Runtime,Director,Url
0,Spider-Man: No Way Home,83,"Action,Adventure,Science Fiction",12/17/2021,2h 28m,Jon Watts,https://www.themoviedb.org/movie/634649
1,Blacklight,54,"Action,Thriller",02/10/2022,1h 44m,Mark Williams,https://www.themoviedb.org/movie/823625
2,The Batman,80,"Crime,Mystery,Thriller",03/04/2022,2h 56m,Matt Reeves,https://www.themoviedb.org/movie/414906
3,No Exit,65,"Horror,Thriller",02/25/2022,1h 36m,Damien Power,https://www.themoviedb.org/movie/833425
4,The Commando,68,"Action,Crime,Thriller",01/07/2022,1h 33m,Asif Akbar,https://www.themoviedb.org/movie/753232
5,The King's Man,70,"Action,Adventure,Thriller,War",01/14/2022,2h 11m,Matthew Vaughn,https://www.themoviedb.org/movie/476669
6,Scream,68,"Horror,Mystery,Thriller",01/14/2022,1h 54m,Matt Bettinelli-Olpin,https://www.themoviedb.org/movie/646385
7,My Hero Academia: World Heroes' Mission,73,"Animation,Action,Fantasy,Adventure",08/06/2021,1h 45m,Kenji Nagasaki,https://www.themoviedb.org/movie/768744
8,Nightmare Alley,71,"Crime,Drama,Thriller",12/03/2021,2h 30m,Guillermo del Toro,https://www.themoviedb.org/movie/597208
9,The Requin,48,Thriller,01/28/2022,1h 29m,Lê Văn Kiệt,https://www.themoviedb.org/movie/803114
10,Sing 2,82,"Animation,Comedy,Family,Music",12/22/2021,1h 50m,Garth Jennings,https://www.themoviedb.org/movie/438695
11,Pursuit,59,"Action,Crime,Thriller",02/18/2022,1h 32m,Brian Skiba,https://www.themoviedb.org/movie/871799
12,The Jack in the Box: Awakening,56,Horror,01/03/2022,1h 29m,Lawrence Fowler,https://www.themoviedb.org/movie/801071
13,Last Man Down,63,"Action,Thriller",11/01/2021,1h 27m,Fansu Njie,https://www.themoviedb.org/movie/860623
14,Demon Slayer -Kimetsu no Yaiba- The Movie: Mugen Train,84,"Animation,Action,Adventure,Fantasy",08/13/2021,1h 57m,Haruo Sotozaki,https://www.themoviedb.org/movie/635302
15,Uncharted,71,"Action,Adventure",02/18/2022,1h 56m,Ruben Fleischer,https://www.themoviedb.org/movie/335787
16,The 355,61,"Action,Thriller",01/07/2022,2h 2m,Simon Kinberg,https://www.themoviedb.org/movie/522016
17,Marry Me,69,"Romance,Comedy,Music",02/11/2022,1h 52m,Kat Coiro,https://www.themoviedb.org/movie/615904
18,American Siege,53,"Action,Thriller,Crime,Drama",03/31/2022,1h 30m,Edward Drake,https://www.themoviedb.org/movie/766907
19,The Hunting,54,Horror,01/21/2022,1h 31m,Mark Andrew Hamer,https://www.themoviedb.org/movie/870671
20,One Shot,68,Action,01/21/2022,1h 37m,James Nunn,https://www.themoviedb.org/movie/811592
21,Tom and Jerry: Cowboy Up!,71,"Animation,Comedy,Family,Western",01/25/2022,1h 15m,Darrell Van Citters,https://www.themoviedb.org/movie/892153
22,Fate/Grand Order Final Singularity – Grand Temple of Time: Solomon,70,"Animation,Action,Adventure,Fantasy",07/30/2021,1h 34m,Toshifumi Akai,https://www.themoviedb.org/movie/829920
23,Sonic the Hedgehog 2,NR,"Action,Science Fiction,Comedy,Family",04/08/2022,2h,Jeff Fowler,https://www.themoviedb.org/movie/675353
24,Queen of Spades,64,Horror,08/19/2021,1h 31m,Patrick White,https://www.themoviedb.org/movie/829358
25,PAW Patrol: The Movie,75,"Animation,Family,Adventure,Comedy",08/20/2021,1h 26m,Cal Brunker,https://www.themoviedb.org/movie/675445
26,Gold,66,"Thriller,Action",01/13/2022,1h 37m,Anthony Hayes,https://www.themoviedb.org/movie/760926
27,Deathstroke: Knights & Dragons - The Movie,69,"Animation,Action,Adventure,Science Fiction",08/04/2020,1h 27m,Sung Jin Ahn,https://www.themoviedb.org/movie/703771
28,Dark Spell,67,"Romance,Horror,Thriller",02/11/2021,1h 32m,Svyatoslav Podgaevsky,https://www.themoviedb.org/movie/633802
29,The Last Warrior: Root of Evil,71,"Fantasy,Adventure,Comedy",01/01/2021,2h,Dmitriy Dyachenko,https://www.themoviedb.org/movie/589754
30,Moonfall,59,"Action,Adventure,Science Fiction",02/04/2022,2h 10m,Roland Emmerich,https://www.themoviedb.org/movie/406759
31,"Sex, Shame and Tears 2",20,"Comedy,Drama",02/04/2022,1h 58m,Alonso Iñiguez,https://www.themoviedb.org/movie/930701
32,Laura y el misterio del asesino inesperado,72,"TV Movie,Mystery,Thriller,Comedy",01/13/2022,1h 30m,Pablo Guerrero,https://www.themoviedb.org/movie/922885
33,Infinite,68,"Science Fiction,Action,Thriller",09/09/2021,1h 46m,Antoine Fuqua,https://www.themoviedb.org/movie/581726
34,House of Gucci,68,"Drama,Crime,Thriller",11/24/2021,2h 38m,Ridley Scott,https://www.themoviedb.org/movie/644495
35,Paranormal Activity: Next of Kin,65,"Horror,Mystery,Thriller",10/29/2021,1h 38m,William Eubank,https://www.themoviedb.org/movie/609972
36,The Exorcism of God,57,Horror,02/10/2022,1h 38m,Alejandro Hidalgo,https://www.themoviedb.org/movie/836225
37,Miraculous World: Shanghai – The Legend of Ladydragon,79,"Animation,Comedy,Family,Adventure",05/15/2021,52m,Thomas Astruc,https://www.themoviedb.org/movie/726684
38,The Bad Guys,NR,"Animation,Comedy,Action,Family,Crime",04/22/2022,1h 40m,Pierre Perifel,https://www.themoviedb.org/movie/629542
39,Dog,78,"Drama,Comedy",02/18/2022,1h 41m,Channing Tatum,https://www.themoviedb.org/movie/626735
40,Survive the Game,58,"Action,Thriller,Crime",10/08/2021,1h 37m,James Cullen Bressack,https://www.themoviedb.org/movie/787310
41,Fortress,63,"Crime,Action,Thriller",12/17/2021,1h 40m,James Cullen Bressack,https://www.themoviedb.org/movie/826749
42,"Miraculous World: New York, United HeroeZ",83,"Animation,Family,Comedy,Adventure,TV Movie",11/21/2020,55m,Thomas Astruc,https://www.themoviedb.org/movie/755812
43,Meander,61,"Horror,Science Fiction,Drama,Thriller",05/26/2021,1h 31m,Mathieu Turi,https://www.themoviedb.org/movie/523936
44,Zeros and Ones,53,"Thriller,War",11/19/2021,1h 25m,Abel Ferrara,https://www.themoviedb.org/movie/762433
45,Tarumama,51,"Horror,Drama",07/29/2021,1h 30m,Andres Beltran,https://www.themoviedb.org/movie/775943
46,Exploits of a Young Don Juan,55,"Comedy,Drama",03/11/1987,1h 35m,Gianfranco Mingozzi,https://www.themoviedb.org/movie/81774
47,Gone Mom: The Disappearance of Jennifer Dulos,78,"TV Movie,Thriller,Crime",11/24/2021,1h 28m,Gail Harvey,https://www.themoviedb.org/movie/831223
48,Son,60,"Horror,Thriller",08/06/2021,1h 38m,Ivan Kavanagh,https://www.themoviedb.org/movie/754934
49,Dragon Fury,62,"Horror,Fantasy,Mystery",06/15/2021,1h 28m,Scott Jeffrey,https://www.themoviedb.org/movie/839436
50,Ripper Untold,66,Horror,06/28/2021,1h 25m,Steven Lawson,https://www.themoviedb.org/movie/820511
51,Run & Gun,49,"Action,Thriller",01/11/2022,1h 36m,Christopher Borrelli,https://www.themoviedb.org/movie/910596
52,Naruto Shippuden the Movie,72,"Animation,Action,Fantasy",08/04/2007,1h 34m,Hajime Kamegaki,https://www.themoviedb.org/movie/20982
53,Crazy Fist,73,Action,05/06/2021,1h 37m,Qing Guo,https://www.themoviedb.org/movie/859041
54,Time Is Up,62,"Romance,Drama",09/09/2021,1h 48m,Elisa Amoruso,https://www.themoviedb.org/movie/763148
55,Hacksaw Ridge,82,"Drama,History,War",11/04/2016,2h 19m,Mel Gibson,https://www.themoviedb.org/movie/324786
56,The Deep House,65,Horror,06/30/2021,1h 25m,Julien Maury,https://www.themoviedb.org/movie/672582
57,Ava,60,Drama,06/21/2017,1h 46m,Léa Mysius,https://www.themoviedb.org/movie/453354
58,Dragon Ball Z: Resurrection 'F',68,"Action,Animation,Science Fiction",04/18/2015,1h 33m,Tadayoshi Yamamuro,https://www.themoviedb.org/movie/303857
59,The Last: Naruto the Movie,79,"Action,Romance,Animation",12/06/2014,1h 54m,Tsuneo Kobayashi,https://www.themoviedb.org/movie/317442
60,Motherly,72,"Thriller,Horror",09/21/2021,1h 30m,Craig David Wallace,https://www.themoviedb.org/movie/768447
61,Gunpowder Milkshake,64,"Action,Crime,Thriller",07/14/2021,1h 54m,Navot Papushado,https://www.themoviedb.org/movie/574060
62,Demonic,48,"Horror,Thriller",08/20/2021,1h 44m,Neill Blomkamp,https://www.themoviedb.org/movie/774021
63,Boruto: Naruto the Movie,77,"Animation,Action,Comedy",08/07/2015,1h 35m,Hiroyuki Yamashita,https://www.themoviedb.org/movie/347201
64,Curious George: Cape Ahoy,35,"Animation,Adventure,Comedy",09/30/2021,1h 28m,Doug Murphy,https://www.themoviedb.org/movie/918832
65,Matando Cabos 2: La Máscara del Máscara,78,"Action,Comedy,Adventure",10/01/2021,1h 42m,Alejandro Lozano,https://www.themoviedb.org/movie/772436
66,Witch Hunt,72,"Fantasy,Horror,Thriller,Drama",10/01/2021,1h 32m,Elle Callahan,https://www.themoviedb.org/movie/670429
67,Digimon Adventure: Last Evolution Kizuna,78,"Animation,Action,Thriller,Adventure,Fantasy",02/21/2020,1h 34m,Tomohisa Taguchi,https://www.themoviedb.org/movie/571265
68,Wild Indian,64,"Crime,Drama,Thriller",12/09/2021,1h 30m,Lyle Mitchell Corbine Jr.,https://www.themoviedb.org/movie/656991
69,After Ever Happy,NR,Romance,08/25/2022,1h 59m,Castille Landon,https://www.themoviedb.org/movie/744276
70,Phobias,54,"Horror,Thriller",02/28/2021,1h 25m,Chris von Hoffmann,https://www.themoviedb.org/movie/793967
71,Sator,54,Horror,07/21/2019,1h 25m,Jordan Graham,https://www.themoviedb.org/movie/611651
72,Catwoman: Hunted,61,"Animation,Action,Crime",02/08/2022,1h 18m,Shinsuke Terasawa,https://www.themoviedb.org/movie/862491
73,Trolls Holiday in Harmony,76,"Animation,Fantasy,Family",11/27/2021,30m,Tim Heitz,https://www.themoviedb.org/movie/896221
74,An Egg Rescue,81,"Animation,Comedy",08/12/2021,1h 28m,Gabriel Riva Palacio Alatriste,https://www.themoviedb.org/movie/573164
75,Jurassic Hunt,50,"Action,Science Fiction,Thriller",08/26/2021,1h 23m,Hank Braxtan,https://www.themoviedb.org/movie/848278
76,"Yes, No, or Maybe Half?",67,"Animation,Drama,Romance",12/11/2020,53m,Masahiro Takata,https://www.themoviedb.org/movie/719088
77,Swim,75,"Horror,Action",08/13/2021,1h 27m,Jared Cohn,https://www.themoviedb.org/movie/861057
78,El Paseo 6,35,Comedy,12/25/2021,1h 37m,Rodrigo Triana,https://www.themoviedb.org/movie/920143
79,Jackass Forever,72,"Action,Comedy,Documentary",02/04/2022,1h 36m,Jeff Tremaine,https://www.themoviedb.org/movie/656663
80,Zone 414,55,"Science Fiction,Thriller,Mystery",09/03/2021,1h 38m,Andrew Baird,https://www.themoviedb.org/movie/675319
81,Misfit #EresOTeHaces,81,Comedy,10/15/2021,0,Andrew Baird,https://www.themoviedb.org/movie/893941
82,The Marksman,70,"Action,Thriller,Crime",01/15/2021,1h 48m,Robert Lorenz,https://www.themoviedb.org/movie/634528
83,Separation,57,"Horror,Drama",04/30/2021,1h 47m,William Brent Bell,https://www.themoviedb.org/movie/760195
84,King Richard,80,"Drama,History",11/19/2021,2h 25m,Reinaldo Marcus Green,https://www.themoviedb.org/movie/614917
85,Spirit Untamed,75,"Animation,Adventure,Family,Western",06/04/2021,1h 28m,Elaine Bogan,https://www.themoviedb.org/movie/637693
86,Narco Sub,67,"Action,Drama,Crime",01/22/2021,1h 33m,Shawn Welling,https://www.themoviedb.org/movie/706972
87,Pretty Guardian Sailor Moon Eternal The Movie Part 2,81,"Animation,Action,Adventure,Comedy,Drama,Fantasy,Romance",02/11/2021,1h 20m,Chiaki Kon,https://www.themoviedb.org/movie/784500
88,Ida Red,59,"Crime,Thriller,Drama,Action",11/05/2021,1h 51m,John Swab,https://www.themoviedb.org/movie/818192
89,American Underdog,72,Drama,12/25/2021,1h 52m,Andrew Erwin,https://www.themoviedb.org/movie/673309
90,Jujutsu Kaisen 0,79,"Animation,Action,Adventure,Mystery",12/24/2021,1h 45m,Sunghoo Park,https://www.themoviedb.org/movie/810693
91,Sinkhole,71,"Comedy,Drama",08/11/2021,1h 53m,Kim Ji-hoon,https://www.themoviedb.org/movie/623135
92,Monster Family 2,71,"Animation,Family",01/13/2021,1h 43m,Holger Tappe,https://www.themoviedb.org/movie/823609
93,Morbius,NR,"Action,Science Fiction,Fantasy",04/01/2022,1h 48m,Daniel Espinosa,https://www.themoviedb.org/movie/526896
94,Descendants: The Royal Wedding,70,"TV Movie,Animation,Comedy,Family,Drama",08/13/2021,22m,Salvador Simó,https://www.themoviedb.org/movie/805411
95,Dragon Ball Super: Super Hero,NR,"Animation,Science Fiction,Action",04/22/2022,0,Tetsuro Kodama,https://www.themoviedb.org/movie/610150
96,Seobok: Project Clone,76,"Science Fiction,Action",04/15/2021,1h 54m,Lee Yong-ju,https://www.themoviedb.org/movie/586047
97,Book of Love,53,"Comedy,Romance",01/06/2022,1h 46m,Analeine Cal y Mayor,https://www.themoviedb.org/movie/892835
98,The Haunting of Helena,56,"Horror,Thriller",06/21/2013,1h 27m,Ascanio Malgarini,https://www.themoviedb.org/movie/159211
99,Mutation on Mars,66,"Drama,Science Fiction",08/27/2021,0,Ascanio Malgarini,https://www.themoviedb.org/movie/866408
100,Your Name.,85,"Romance,Animation,Drama",08/26/2016,1h 46m,Makoto Shinkai,https://www.themoviedb.org/movie/372058
101,Death on the Nile,67,"Mystery,Crime,Drama,Thriller",02/11/2022,2h 7m,Kenneth Branagh,https://www.themoviedb.org/movie/505026
102,Fantastic Beasts: The Secrets of Dumbledore,NR,"Fantasy,Adventure",04/15/2022,0,David Yates,https://www.themoviedb.org/movie/338953
103,Ted 2,63,Comedy,06/26/2015,1h 55m,Seth MacFarlane,https://www.themoviedb.org/movie/214756
104,The King's Daughter,75,"Fantasy,Drama,Romance,History",01/21/2022,1h 34m,Sean McNamara,https://www.themoviedb.org/movie/245842
105,Project X,68,Comedy,03/02/2012,1h 28m,Nima Nourizadeh,https://www.themoviedb.org/movie/57214
106,KonoSuba: God's Blessing on this Wonderful World! Legend of Crimson,84,"Animation,Adventure,Comedy,Fantasy",08/30/2019,1h 30m,Takaomi Kanasaki,https://www.themoviedb.org/movie/532067
107,Ashfall,66,"Action,Adventure,Thriller",12/19/2019,2h 8m,Lee Hae-jun,https://www.themoviedb.org/movie/581387
108,Injustice,78,"Animation,Science Fiction,Fantasy,Action",10/09/2021,1h 18m,Matt Peters,https://www.themoviedb.org/movie/831405
109,Jiu Jitsu,50,"Action,Science Fiction,Fantasy",11/20/2020,1h 42m,Dimitri Logothetis,https://www.themoviedb.org/movie/590706
110,Doctor Strange in the Multiverse of Madness,NR,"Fantasy,Action,Adventure",05/06/2022,2h 28m,Sam Raimi,https://www.themoviedb.org/movie/453395
111,Rascal Does Not Dream of a Dreaming Girl,84,"Animation,Comedy,Romance,Drama,Fantasy",06/15/2019,1h 30m,Souichi Masui,https://www.themoviedb.org/movie/572154
112,Straight Outta Nowhere: Scooby-Doo! Meets Courage the Cowardly Dog,82,"Animation,Comedy,Mystery,Family,Fantasy",09/14/2021,1h 12m,Cecilia Aranovich,https://www.themoviedb.org/movie/843906
113,American Badger,59,Action,06/15/2021,1h 28m,Kirk Caouette,https://www.themoviedb.org/movie/768449
114,Coraline,78,"Animation,Family,Fantasy",02/06/2009,1h 40m,Henry Selick,https://www.themoviedb.org/movie/14836
115,Descarrilados,51,Comedy,08/20/2021,0,Fernando García-Ruiz Rubio,https://www.themoviedb.org/movie/772388
116,Legion,58,"Horror,Action,Fantasy",01/22/2010,1h 40m,Scott Stewart,https://www.themoviedb.org/movie/22894
117,The Exorcism of Carmen Farias,62,Horror,05/05/2021,1h 33m,Rodrigo Fiallega,https://www.themoviedb.org/movie/675024
118,Goblin Slayer: Goblin's Crown,76,"Animation,Adventure,Action,Fantasy",02/01/2020,1h 25m,Takaharu Ozaki,https://www.themoviedb.org/movie/631132
119,Why Women Cheat,33,Romance,07/06/2021,1h 17m,Takaharu Ozaki,https://www.themoviedb.org/movie/848932
120,Dragon Ball Z: Broly – The Legendary Super Saiyan,72,"Animation,Science Fiction,Action",03/06/1993,1h 10m,Shigeyasu Yamauchi,https://www.themoviedb.org/movie/34433
121,Hancock,63,"Fantasy,Action",07/01/2008,1h 32m,Peter Berg,https://www.themoviedb.org/movie/8960
122,Garota da Moto,56,Action,09/23/2021,0,Luis Pinheiro,https://www.themoviedb.org/movie/876262
123,Teen Titans Go! See Space Jam,69,"Animation,Action,Adventure,Comedy,Family,Fantasy,Science Fiction",07/27/2021,1h 20m,Peter Rida Michail,https://www.themoviedb.org/movie/834404
124,Mamá o papá,75,"Comedy,Family",12/17/2021,1h 43m,Dani de la Orden,https://www.themoviedb.org/movie/755437
125,Three Steps Above Heaven,78,"Romance,Drama",12/03/2010,2h 2m,Fernando González Molina,https://www.themoviedb.org/movie/61979
126,Naruto Shippuden the Movie: Road to Ninja,76,"Animation,Fantasy,Action",07/28/2012,1h 49m,Hayato Date,https://www.themoviedb.org/movie/118406
127,Ambulance,90,"Action,Crime,Thriller",04/08/2022,2h 16m,Michael Bay,https://www.themoviedb.org/movie/763285
128,The Penitent Thief,42,Drama,02/25/2021,1h 33m,Lucas Miles,https://www.themoviedb.org/movie/778552
129,Voyagers,62,"Science Fiction,Thriller",04/09/2021,1h 48m,Neil Burger,https://www.themoviedb.org/movie/597890
130,Dragon Ball Z: Broly – Second Coming,67,"Animation,Action,Science Fiction",03/12/1994,48m,Shigeyasu Yamauchi,https://www.themoviedb.org/movie/44251
131,Masquerade,64,Thriller,07/30/2021,1h 20m,Shane Dax Taylor,https://www.themoviedb.org/movie/835551
132,Dragon Ball Z: Battle of Gods,68,"Animation,Action,Science Fiction",03/30/2013,1h 25m,Masahiro Hosoda,https://www.themoviedb.org/movie/126963
133,Mortal Kombat Legends: Battle of the Realms,80,"Animation,Action,Fantasy",08/31/2021,1h 20m,Ethan Spaulding,https://www.themoviedb.org/movie/841755
134,Girl in the Basement,81,"Crime,Thriller",02/27/2021,1h 30m,Elisabeth Röhm,https://www.themoviedb.org/movie/801335
135,Mickey and Minnie Wish Upon a Christmas,71,Animation,12/24/2021,47m,Broni Likomanov,https://www.themoviedb.org/movie/864390
136,Rogue Hostage,62,"Action,Thriller",06/11/2021,1h 34m,Jon Keeyes,https://www.themoviedb.org/movie/825997
137,El amarre,70,Horror,10/21/2021,1h 17m,Tamae Garateguy,https://www.themoviedb.org/movie/676840
138,The Belly of the Sea,40,Drama,11/12/2021,1h 18m,Agustí Villaronga,https://www.themoviedb.org/movie/814608
139,Grisaia: Phantom Trigger The Animation,35,"Action,Animation",11/27/2020,1h 30m,Motoki Tanaka,https://www.themoviedb.org/movie/601980
140,Solitary,57,Science Fiction,08/31/2020,1h 29m,Luke Armstrong,https://www.themoviedb.org/movie/725273
141,Weathering with You,81,"Animation,Drama,Fantasy,Romance",07/19/2019,1h 52m,Makoto Shinkai,https://www.themoviedb.org/movie/568160
142,Fifty Shades Freed,67,"Drama,Romance",02/09/2018,1h 45m,James Foley,https://www.themoviedb.org/movie/337167
143,White Chicks,69,"Comedy,Crime",06/23/2004,1h 49m,Keenen Ivory Wayans,https://www.themoviedb.org/movie/12153
144,Dragon Ball Z: Bio-Broly,58,"Animation,Action,Science Fiction",07/09/1994,50m,Yoshihiro Ueda,https://www.themoviedb.org/movie/39106
145,The Texas Chainsaw Massacre,62,Horror,10/17/2003,1h 38m,Marcus Nispel,https://www.themoviedb.org/movie/9373
146,The Passion of the Christ,74,Drama,05/07/2004,2h 7m,Mel Gibson,https://www.themoviedb.org/movie/615
147,Plan A,61,Thriller,12/09/2021,1h 49m,Yoav Paz,https://www.themoviedb.org/movie/714968
148,Naruto Shippuden the Movie: Blood Prison,72,"Thriller,Animation,Action,Comedy,Horror,Mystery",07/30/2011,1h 48m,Masahiko Murata,https://www.themoviedb.org/movie/75624
149,Aquaslash,41,"Horror,Comedy",06/23/2020,1h 12m,Renaud Gauthier,https://www.themoviedb.org/movie/607383
150,Come Play With Me,71,Horror,02/25/2021,1h 20m,Adrián García Bogliano,https://www.themoviedb.org/movie/676845
151,¡Qué Despadre!,57,"Comedy,Family,Romance",02/09/2022,1h 39m,Pedro Pablo Ibarra,https://www.themoviedb.org/movie/937337
152,Pokémon the Movie: I Choose You!,70,"Family,Animation,Adventure,Fantasy",11/24/2017,1h 38m,Kunihiko Yuyama,https://www.themoviedb.org/movie/436931
153,Caged,62,"Thriller,Horror",07/05/2021,1h 21m,Aaron Fjellman,https://www.themoviedb.org/movie/777620
154,Please Enlighten Me,20,Romance,02/03/2021,1h 16m,Lu Ying,https://www.themoviedb.org/movie/793147
155,Fresh,69,"Horror,Thriller,Comedy",03/04/2022,1h 54m,Mimi Cave,https://www.themoviedb.org/movie/787752
156,PAW Patrol: Jet To The Rescue,70,"Family,Animation",09/10/2020,56m,Charles E. Bastien,https://www.themoviedb.org/movie/743439
157,Cuidado con lo que deseas,46,"Family,Fantasy,Comedy",11/12/2021,0,Fernando Colomo,https://www.themoviedb.org/movie/893164
158,Porn to Be Free,55,Documentary,06/24/2016,1h 19m,Carmine Amoroso,https://www.themoviedb.org/movie/381749
159,Jurassic World Dominion,NR,"Adventure,Action,Science Fiction,Thriller",06/10/2022,0,Colin Trevorrow,https://www.themoviedb.org/movie/507086
160,El club del paro,48,Comedy,09/17/2021,0,David Marqués,https://www.themoviedb.org/movie/809778
161,After Porn Ends 2,55,Documentary,03/28/2017,1h 30m,Bryce Wagoner,https://www.themoviedb.org/movie/440249
162,Predators,62,"Science Fiction,Action,Thriller",07/03/2010,1h 47m,Nimród Antal,https://www.themoviedb.org/movie/34851
163,Honest Thief,65,"Thriller,Action,Crime,Drama",10/16/2020,1h 39m,Mark Williams,https://www.themoviedb.org/movie/553604
164,Dragon Ball Z: The Tree of Might,65,"Action,Animation,Science Fiction",06/07/1990,1h 1m,Daisuke Nishio,https://www.themoviedb.org/movie/39101
165,Dragon Ball Z: Cooler's Revenge,69,"Action,Animation,Science Fiction",07/20/1991,48m,Mitsuo Hashimoto,https://www.themoviedb.org/movie/24752
166,Wrong Turn 3: Left for Dead,56,"Horror,Thriller",10/20/2009,1h 31m,Declan O'Brien,https://www.themoviedb.org/movie/23823
167,La Llorona,65,"Thriller,Horror,Drama",01/22/2020,1h 37m,Jayro Bustamante,https://www.themoviedb.org/movie/617708
168,Tentacles,63,"Horror,Romance",02/12/2021,1h 24m,Clara Aranovich,https://www.themoviedb.org/movie/786300
169,Sword Art Online the Movie -Progressive- Aria of a Starless Night,79,"Animation,Action,Fantasy,Science Fiction",10/30/2021,1h 37m,Ayako Kono,https://www.themoviedb.org/movie/761898
170,No Manches Frida 2,81,Comedy,03/15/2019,1h 42m,Nacho G. Velilla,https://www.themoviedb.org/movie/554596
171,Dragon Ball Z: The World's Strongest,64,"Action,Animation,Science Fiction",03/10/1990,1h,Daisuke Nishio,https://www.themoviedb.org/movie/39100
172,Dragon Ball GT: A Hero's Legacy,67,"Animation,Family,Fantasy",03/26/1997,45m,Osamu Kasai,https://www.themoviedb.org/movie/18095
173,Fifty Shades Darker,65,"Drama,Romance",02/10/2017,1h 58m,James Foley,https://www.themoviedb.org/movie/341174
174,Beautiful Sisters: Flesh Slave,40,"Crime,Horror",01/18/1986,1h 10m,Katsuhiko Fujii,https://www.themoviedb.org/movie/340553
175,El mesero,82,Comedy,07/15/2021,1h 26m,Raúl Martínez,https://www.themoviedb.org/movie/678580
176,Call Me by Your Name,82,"Romance,Drama",01/19/2018,2h 12m,Luca Guadagnino,https://www.themoviedb.org/movie/398818
177,Rock Dog 2: Rock Around the Park,70,"Animation,Comedy,Music,Family",06/24/2021,1h 30m,Mark Baldo,https://www.themoviedb.org/movie/812204
178,Fall in Love at First Kiss,67,"Romance,Comedy",02/14/2019,2h 3m,Frankie Chen,https://www.themoviedb.org/movie/576393
179,Yu-Gi-Oh!: The Dark Side of Dimensions,75,"Adventure,Animation",04/23/2016,2h 10m,Satoshi Kuwabara,https://www.themoviedb.org/movie/366170
180,The Desperate Hour,58,Thriller,02/17/2022,1h 24m,Phillip Noyce,https://www.themoviedb.org/movie/764835
181,Trigger Point,64,"Action,Thriller",04/23/2021,1h 22m,Brad Turner,https://www.themoviedb.org/movie/809314
182,Special Forces,67,"Action,Drama,War",09/14/2012,1h 49m,Stéphane Rybojad,https://www.themoviedb.org/movie/74513
183,Demon Slayer: Kimetsu no Yaiba Sibling's Bond,91,"Action,Animation,Fantasy",03/29/2019,1h 45m,Haruo Sotozaki,https://www.themoviedb.org/movie/820232
184,Framed by My Husband,55,"TV Movie,Thriller",07/10/2021,1h 25m,Sam Fichtner,https://www.themoviedb.org/movie/849938
185,Zack and Miri Make a Porno,63,Comedy,09/18/2008,1h 42m,Kevin Smith,https://www.themoviedb.org/movie/10358
186,Dragon Ball Z: Bojack Unbound,70,"Action,Animation,Science Fiction",07/10/1993,51m,Yoshihiro Ueda,https://www.themoviedb.org/movie/39105
187,From Straight A's to XXX,56,"Drama,TV Movie",02/11/2017,1h 27m,Vanessa Parise,https://www.themoviedb.org/movie/441168
188,Body Brokers,65,"Thriller,Crime",02/19/2021,1h 51m,John Swab,https://www.themoviedb.org/movie/656940
189,Dinosaur Hotel,52,"Horror,Science Fiction,Mystery",06/11/2021,1h 17m,Jack Peter Mundy,https://www.themoviedb.org/movie/839440
190,Dragon Ball Z: The Return of Cooler,66,"Action,Animation,Science Fiction",03/07/1992,46m,Daisuke Nishio,https://www.themoviedb.org/movie/39103
191,Given,85,"Animation,Drama,Music,Romance",08/22/2020,1h,Hikaru Yamaguchi,https://www.themoviedb.org/movie/632632
192,Spirit: Stallion of the Cimarron,77,"Western,Animation,Adventure,Comedy,Family,Drama",05/24/2002,1h 23m,Kelly Asbury,https://www.themoviedb.org/movie/9023
193,Beauty and the Beast,77,"Romance,Family,Animation,Fantasy",11/22/1991,1h 24m,Gary Trousdale,https://www.themoviedb.org/movie/10020
194,Sexo,52,Comedy,08/21/2001,10m,Rodrigo Bellott,https://www.themoviedb.org/movie/766680
195,Psycho-Pass 3: First Inspector,76,"Science Fiction,Action,Crime,Animation",03/27/2020,2h 17m,Naoyoshi Shiotani,https://www.themoviedb.org/movie/655431
196,Tokyo Ghoul,70,"Action,Drama,Horror,Thriller",07/29/2017,1h 59m,Kentaro Hagiwara,https://www.themoviedb.org/movie/433945
197,Dragon Ball Z: Wrath of the Dragon,72,"Animation,Action,Science Fiction",07/15/1995,51m,Mitsuo Hashimoto,https://www.themoviedb.org/movie/39108
198,August Never Ends,20,Romance,04/16/2021,1h 35m,Kai Li,https://www.themoviedb.org/movie/819413
199,Vanquish,58,"Action,Crime,Thriller",04/16/2021,1h 36m,George Gallo,https://www.themoviedb.org/movie/804435
200,Next-Door Nightmare,62,"Thriller,TV Movie,Drama",07/08/2021,1h 26m,Gordon Yang,https://www.themoviedb.org/movie/854442
201,Dreamcatcher,62,"Horror,Mystery,Thriller",03/05/2021,1h 30m,Jacob Johnston,https://www.themoviedb.org/movie/793002
202,Let's Be Cops,64,Comedy,08/13/2014,1h 44m,Luke Greenfield,https://www.themoviedb.org/movie/193893
203,The Island of Giant Insects,45,"Mystery,Drama,Horror,Adventure,Animation",01/10/2020,1h 16m,Takeo Takahashi,https://www.themoviedb.org/movie/658558
204,Dragon Ball Z: The Real 4-D at Super Tenkaichi Budokai,68,"Action,Animation,Adventure",06/30/2017,0,Takeo Takahashi,https://www.themoviedb.org/movie/575249
205,Koati,75,"Music,Animation",10/22/2021,1h 32m,Rodrigo Perez-Castro,https://www.themoviedb.org/movie/554594
206,Dragon Ball Z: Super Android 13!,67,"Action,Animation,Science Fiction",07/11/1992,46m,Daisuke Nishio,https://www.themoviedb.org/movie/39104
207,The King of Fighters,50,"Action,Thriller,Science Fiction",08/26/2010,1h 33m,Gordon Chan,https://www.themoviedb.org/movie/44571
208,Songbird,62,"Thriller,Romance,Drama,Mystery",12/10/2020,1h 25m,Adam Mason,https://www.themoviedb.org/movie/721625
209,Sword Art Online: The Movie – Ordinal Scale,77,"Animation,Action,Adventure,Fantasy,Romance,Science Fiction",02/18/2017,1h 59m,Tomohiko Ito,https://www.themoviedb.org/movie/413594
210,Saint Seiya Heaven Chapter: Overture,77,"Animation,Fantasy",02/14/2004,1h 23m,Shigeyasu Yamauchi,https://www.themoviedb.org/movie/50253
211,Wrong Turn 2: Dead End,60,"Horror,Thriller",10/08/2007,1h 36m,Joe Lynch,https://www.themoviedb.org/movie/13186
212,Uncharted: Live Action Fan Film,50,"Action,Adventure",07/16/2018,14m,Allan Ungar,https://www.themoviedb.org/movie/940497
213,Butchers,50,Horror,01/12/2021,1h 33m,Adrian Langley,https://www.themoviedb.org/movie/720026
214,Dragon Ball Super: Broly,78,"Action,Science Fiction,Animation",03/29/2019,1h 41m,Tatsuya Nagamine,https://www.themoviedb.org/movie/503314
215,Sex with Love,65,"Comedy,Romance",03/27/2003,1h 48m,Boris Quercia,https://www.themoviedb.org/movie/20222
216,Wrong Turn 4: Bloody Beginnings,57,"Horror,Thriller",10/17/2011,1h 33m,Declan O'Brien,https://www.themoviedb.org/movie/71672
217,Naruto Shippuden the Movie: The Lost Tower,70,"Adventure,Action,Animation",07/31/2010,1h 25m,Masahiko Murata,https://www.themoviedb.org/movie/50723
218,A Nun's Curse,63,Horror,05/12/2020,1h 13m,Tommy Faircloth,https://www.themoviedb.org/movie/636879
219,I Want You,73,"Drama,Romance",06/22/2012,2h 10m,Fernando González Molina,https://www.themoviedb.org/movie/109689
220,The Texas Chain Saw Massacre,73,Horror,10/01/1974,1h 23m,Tobe Hooper,https://www.themoviedb.org/movie/30497
221,Werewolves Within,62,"Horror,Comedy",07/01/2021,1h 37m,Josh Ruben,https://www.themoviedb.org/movie/800497
222,Willy's Wonderland,63,"Action,Horror,Comedy",03/17/2021,1h 28m,Kevin Lewis,https://www.themoviedb.org/movie/643586
223,Porno,43,Drama,01/01/1981,1h 23m,Luiz Castellini,https://www.themoviedb.org/movie/197158
224,I Want to Eat Your Pancreas,83,"Animation,Drama,Romance,Family",09/01/2018,1h 48m,Shinichiro Ushijima,https://www.themoviedb.org/movie/504253
225,Christmas ...Again?!,69,"Family,Comedy,Fantasy,TV Movie",12/03/2021,1h 34m,Andy Fickman,https://www.themoviedb.org/movie/762879
226,Dragon Ball Z: Fusion Reborn,75,"Animation,Action,Fantasy,Science Fiction",03/04/1995,55m,Shigeyasu Yamauchi,https://www.themoviedb.org/movie/39107
227,Shaun the Sheep: The Flight Before Christmas,71,"Animation,Comedy,Family",12/03/2021,30m,Steve Cox,https://www.themoviedb.org/movie/785545
228,Freaks,68,"Science Fiction,Thriller,Drama,Mystery",09/13/2019,1h 45m,Zach Lipovsky,https://www.themoviedb.org/movie/539892
229,The Virtuoso,63,Thriller,08/12/2021,1h 45m,Nick Stagliano,https://www.themoviedb.org/movie/808023
230,Monkey King: Hero Is Back,70,"Fantasy,Animation,Comedy",07/10/2015,1h 29m,Tian Xiao Peng,https://www.themoviedb.org/movie/351694
231,Jonah Hex,49,"Action,Western,Drama,Fantasy,Thriller",06/18/2010,1h 21m,Jimmy Hayward,https://www.themoviedb.org/movie/20533
232,Beverly Hills Chihuahua 3: Viva la Fiesta!,63,"Comedy,Family",09/18/2012,1h 29m,Lev L. Spiro,https://www.themoviedb.org/movie/105965
233,Benny Loves You,63,"Horror,Comedy",11/21/2019,1h 34m,Karl Holt,https://www.themoviedb.org/movie/647302
234,A Forbidden Orange,41,"Documentary,History",12/17/2021,1h 25m,Pedro González Bermúdez,https://www.themoviedb.org/movie/888492
235,The Lost City,NR,"Comedy,Action,Romance,Adventure",03/25/2022,1h 32m,Aaron Nee,https://www.themoviedb.org/movie/752623
236,Héctor El Father: Conocerás la verdad,76,"Drama,Documentary",03/22/2018,1h 30m,Joel Antonio Colón,https://www.themoviedb.org/movie/511679
237,The Tax Collector,57,"Action,Crime,Drama",08/07/2020,1h 35m,David Ayer,https://www.themoviedb.org/movie/531499
238,Baba Yaga: Terror of the Dark Forest,60,Horror,02/27/2020,1h 36m,Svyatoslav Podgaevsky,https://www.themoviedb.org/movie/575088
239,Cheese in the Trap,67,"Romance,Drama,Thriller",03/14/2018,1h 53m,Kim Je-young,https://www.themoviedb.org/movie/471335
240,What the Peeper Saw,57,"Horror,Drama,Thriller",10/14/1972,1h 29m,James Kelley,https://www.themoviedb.org/movie/112355
241,Stand by Me Doraemon,73,"Animation,Family,Science Fiction,Fantasy",08/08/2014,1h 30m,Ryuichi Yagi,https://www.themoviedb.org/movie/265712
242,Finding Grace,63,Drama,04/21/2020,1h 46m,Warren Fast,https://www.themoviedb.org/movie/695568
243,Stan Helsing,43,"Comedy,Horror",10/27/2009,1h 30m,Bo Zenga,https://www.themoviedb.org/movie/23988
244,A Taste of Hunger,57,"Romance,Drama",06/24/2021,1h 44m,Christoffer Boe,https://www.themoviedb.org/movie/766105
245,Batman Tech,72,Documentary,07/21/2008,45m,Steven C. Smith,https://www.themoviedb.org/movie/186579
246,Assassins,74,Documentary,08/12/2021,1h 44m,Ryan White,https://www.themoviedb.org/movie/653740
247,Whispering Corridors 6: The Humming,76,Horror,06/17/2021,1h 57m,Lee Mi-young,https://www.themoviedb.org/movie/602288
248,Batman & Jesus,57,"Documentary,Comedy",09/30/2017,1h 43m,Jozef K. Richards,https://www.themoviedb.org/movie/615500
249,Brother Bear,72,"Adventure,Animation,Family",11/01/2003,1h 25m,Robert Walker,https://www.themoviedb.org/movie/10009
250,Dragon Ball Z: Lord Slug,64,"Action,Animation,Science Fiction",03/19/1991,52m,Mitsuo Hashimoto,https://www.themoviedb.org/movie/39102
251,Skipping Stones,53,Drama,11/02/2021,2h,Steven James Creazzo,https://www.themoviedb.org/movie/897411
252,Malnazidos,NR,"Comedy,Horror,War",03/11/2022,1h 41m,Alberto de Toro,https://www.themoviedb.org/movie/613093
253,Season of the Witch,54,"Adventure,Fantasy,Action",01/07/2011,1h 35m,Dominic Sena,https://www.themoviedb.org/movie/23047
254,The First Purge,60,"Horror,Action,Thriller",07/04/2018,1h 37m,Gerard McMurray,https://www.themoviedb.org/movie/442249
255,Conan the Barbarian,53,"Adventure,Fantasy,Action",08/19/2011,1h 53m,Marcus Nispel,https://www.themoviedb.org/movie/37430
256,Thinking XXX,50,Documentary,10/27/2004,58m,Timothy Greenfield-Sanders,https://www.themoviedb.org/movie/24593
257,Naruto Shippuden the Movie: Bonds,72,"Fantasy,Animation,Action",08/02/2008,1h 30m,Hajime Kamegaki,https://www.themoviedb.org/movie/17581
258,Long Story Short,70,"Romance,Comedy,Fantasy",02/11/2021,1h 30m,Josh Lawson,https://www.themoviedb.org/movie/763532
259,The Funeral Home,46,Horror,04/15/2021,1h 26m,Mauro Iván Ojeda,https://www.themoviedb.org/movie/714277
260,Women,57,Thriller,04/08/2021,1h 30m,Anton Sigurðsson,https://www.themoviedb.org/movie/719164
261,Licorice Pizza,71,"Drama,Comedy",12/25/2021,2h 13m,Paul Thomas Anderson,https://www.themoviedb.org/movie/718032
262,Pacific Rim: Uprising,61,"Action,Fantasy,Science Fiction,Adventure",03/28/2018,1h 51m,Steven S. DeKnight,https://www.themoviedb.org/movie/268896
263,Megalodon,57,"Action,Science Fiction,Horror,TV Movie",08/10/2018,1h 30m,James Thomas,https://www.themoviedb.org/movie/523931
264,Blitz,61,"Crime,Action,Thriller",08/23/2011,1h 37m,Elliott Lester,https://www.themoviedb.org/movie/55846
265,The Remaining,56,"Thriller,Horror",09/05/2014,1h 28m,Casey La Scala,https://www.themoviedb.org/movie/280002
266,"Love, Rosie",78,"Comedy,Romance",10/16/2014,1h 42m,Christian Ditter,https://www.themoviedb.org/movie/200727
267,The Experiment,64,"Thriller,Drama",07/15/2010,1h 36m,Paul Scheuring,https://www.themoviedb.org/movie/43549
268,Stay Out of the Attic,58,Horror,03/11/2021,1h 20m,Jerren Lauder,https://www.themoviedb.org/movie/787009
269,The Marco Effect,63,"Thriller,Crime",05/27/2021,2h 5m,Martin Zandvliet,https://www.themoviedb.org/movie/659940
270,The Great Wall,60,"Action,Adventure,Fantasy",02/03/2017,1h 43m,Zhang Yimou,https://www.themoviedb.org/movie/311324
271,Split,73,"Horror,Thriller",02/24/2017,1h 57m,M. Night Shyamalan,https://www.themoviedb.org/movie/381288
272,El refugio,67,Comedy,11/26/2021,0,Macarena Astorga,https://www.themoviedb.org/movie/860720
273,Child's Play,66,Horror,11/08/1988,1h 27m,Tom Holland,https://www.themoviedb.org/movie/10585
274,Is It Wrong to Try to Pick Up Girls in a Dungeon?: Arrow of the Orion,78,"Action,Adventure,Comedy,Fantasy,Romance,Animation",02/15/2019,1h 22m,Katsushi Sakurabi,https://www.themoviedb.org/movie/553835
275,Desire,55,"Drama,Romance",06/06/2013,1h 43m,Laurent Bouhnik,https://www.themoviedb.org/movie/86331
276,Ride Your Wave,75,"Animation,Romance,Comedy,Drama,Fantasy",06/21/2019,1h 34m,Masaaki Yuasa,https://www.themoviedb.org/movie/530079
277,"Sex, Shame & Tears",67,"Comedy,Drama,Romance",06/18/1999,1h 47m,Antonio Serrano,https://www.themoviedb.org/movie/22512
278,An Interview with God,70,"Drama,Mystery",10/25/2018,1h 37m,Perry Lang,https://www.themoviedb.org/movie/534338
279,Dragon Ball Z Special 9 - Future Trunks Special,76,Animation,08/10/2016,0,Perry Lang,https://www.themoviedb.org/movie/439157
280,Looking Back at it All: The Dragon Ball Z Year-End Show!,70,"Action,Animation,Comedy",12/31/1993,5m,Perry Lang,https://www.themoviedb.org/movie/371370
281,A Haunted House,57,"Comedy,Horror",01/11/2013,1h 26m,Michael Tiddes,https://www.themoviedb.org/movie/139038
282,Bambi,70,"Animation,Drama,Family",08/21/1942,1h 10m,David Hand,https://www.themoviedb.org/movie/3170
283,Colombiana,66,"Action,Thriller,Crime,Drama",08/26/2011,1h 48m,Olivier Megaton,https://www.themoviedb.org/movie/62835
284,Millonario sin amor,80,"Romance,Comedy",09/01/2021,0,Jaime Segura,https://www.themoviedb.org/movie/901407
285,Wrong Turn 5: Bloodlines,54,"Horror,Thriller",10/23/2012,1h 31m,Declan O'Brien,https://www.themoviedb.org/movie/125509
286,Naruto Shippuden the Movie: The Will of Fire,73,"Action,Adventure,Comedy,Drama,Fantasy,Animation",08/01/2009,1h 35m,Masahiko Murata,https://www.themoviedb.org/movie/36728
287,Breach,44,"Science Fiction,Action",12/18/2020,1h 32m,John Suits,https://www.themoviedb.org/movie/651571
288,Peçanha Contra o Animal,56,"Comedy,Crime",10/22/2021,1h 7m,Vinicius Videla,https://www.themoviedb.org/movie/879163
289,Kabaneri of the Iron Fortress: The Battle of Unato,71,"Animation,Action,Fantasy,Adventure",05/10/2019,1h 22m,Tetsuro Araki,https://www.themoviedb.org/movie/567006
290,Insensate,68,"Mystery,Horror,Thriller",08/04/2021,1h 24m,Roberto Moreira,https://www.themoviedb.org/movie/779202
291,Maquia: When the Promised Flower Blooms,83,"Animation,Fantasy,Romance,Drama",02/24/2018,1h 55m,Mari Okada,https://www.themoviedb.org/movie/476292
292,Greenland,72,"Action,Thriller,Drama",07/29/2020,2h,Ric Roman Waugh,https://www.themoviedb.org/movie/524047
293,Happily,57,"Comedy,Romance,Thriller",03/19/2021,1h 36m,BenDavid Grabinski,https://www.themoviedb.org/movie/673319
294,The Flu,75,"Action,Drama,Science Fiction",08/14/2013,2h 2m,Kim Sung-soo,https://www.themoviedb.org/movie/200085
295,City Under Siege,49,"Science Fiction,Action,Thriller",08/12/2010,1h 50m,Benny Chan,https://www.themoviedb.org/movie/44263
296,Spencer,72,Drama,11/19/2021,1h 57m,Pablo Larraín,https://www.themoviedb.org/movie/716612
297,Safer at Home,56,"Thriller,Horror",11/01/2021,1h 22m,Will Wernick,https://www.themoviedb.org/movie/792657
298,Fairy Tail: Dragon Cry,66,"Action,Adventure,Comedy,Fantasy,Animation",05/06/2017,1h 25m,Tatsuma Minamikawa,https://www.themoviedb.org/movie/433422
299,100% Wolf,59,"Animation,Family,Fantasy",06/26/2020,1h 36m,Alexs Stadermann,https://www.themoviedb.org/movie/520946
300,Crisis,65,"Thriller,Crime,Drama",02/26/2021,1h 58m,Nicholas Jarecki,https://www.themoviedb.org/movie/580532
301,Bloodthirsty,57,Horror,04/23/2021,1h 22m,Amelia Moses,https://www.themoviedb.org/movie/741636
302,Fat Ass Zombies,48,"Horror,Comedy",02/18/2020,1h 28m,George J. Bennett,https://www.themoviedb.org/movie/664168
303,Upside-Down Magic,73,"Fantasy,Family,TV Movie",11/10/2020,1h 36m,Joe Nussbaum,https://www.themoviedb.org/movie/671583
304,The King's Avatar: For the Glory,69,"Animation,Action,Adventure,Fantasy",08/16/2019,1h 38m,Shi Juansheng,https://www.themoviedb.org/movie/613200
305,I See You,70,"Thriller,Mystery,Horror,Crime",09/11/2019,1h 38m,Adam Randall,https://www.themoviedb.org/movie/524251
306,Bound by Honor,81,"Crime,Action,Drama,Thriller",02/05/1993,3h 10m,Taylor Hackford,https://www.themoviedb.org/movie/9702
307,Fear of Rain,72,"Thriller,Horror,Drama",02/12/2021,1h 49m,Castille Landon,https://www.themoviedb.org/movie/599281
308,I'm Not Ashamed,75,Drama,10/21/2016,1h 52m,Brian Baugh,https://www.themoviedb.org/movie/409502
309,The Banishing,54,Horror,04/29/2021,1h 37m,Christopher Smith,https://www.themoviedb.org/movie/573680
310,Pil's Adventures,68,"Adventure,Animation,Comedy,Family,Fantasy",08/11/2021,1h 29m,Julien Fournet,https://www.themoviedb.org/movie/676705
311,Hot Hair Salon,20,,09/04/2020,1h 10m,Kim Chun-soo,https://www.themoviedb.org/movie/748501
312,No Manches Frida,78,Comedy,09/15/2016,1h 40m,Nacho G. Velilla,https://www.themoviedb.org/movie/375794
313,Mickey's Tale of Two Witches,72,Animation,10/08/2021,46m,Phil Weinstein,https://www.themoviedb.org/movie/864388
314,The Jack in the Box,55,Horror,11/09/2019,1h 27m,Lawrence Fowler,https://www.themoviedb.org/movie/622420
315,The Book of Daniel,73,"Fantasy,Drama",10/01/2013,1h 28m,Anna Zielinski,https://www.themoviedb.org/movie/227859
316,One Piece Film: Z,75,"Action,Adventure,Animation",12/15/2012,1h 48m,Tatsuya Nagamine,https://www.themoviedb.org/movie/176983
317,Instructions for Su,78,"Comedy,Drama",04/08/2021,1h 32m,José Ramón Chávez Delgado,https://www.themoviedb.org/movie/676842
318,Odd Thomas,69,"Mystery,Thriller",02/24/2014,1h 40m,Stephen Sommers,https://www.themoviedb.org/movie/179826
319,Under Wraps,67,"Comedy,Family,Fantasy",10/08/2021,1h 31m,Alex Zamm,https://www.themoviedb.org/movie/763873
320,Zombieland,73,"Comedy,Horror",10/08/2009,1h 28m,Ruben Fleischer,https://www.themoviedb.org/movie/19908
321,22 Bullets,66,"Drama,Crime,Thriller",03/24/2010,1h 57m,Richard Berry,https://www.themoviedb.org/movie/37645
322,Parallel Mothers,69,Drama,10/08/2021,2h 3m,Pedro Almodóvar,https://www.themoviedb.org/movie/766798
323,Sanctum,59,"Action,Thriller",02/03/2011,1h 48m,Alister Grierson,https://www.themoviedb.org/movie/48340
324,Lockout,59,"Action,Thriller,Science Fiction",04/13/2012,1h 35m,James Mather,https://www.themoviedb.org/movie/81796
325,Viking Quest,46,"Action,Adventure,Fantasy,TV Movie",10/07/2014,1h 28m,Todor Chapkanov,https://www.themoviedb.org/movie/317960
326,The Dinosaur Project,55,"Adventure,Action,Horror",08/10/2012,1h 23m,Sid Bennett,https://www.themoviedb.org/movie/119698
327,"Batman: The Dark Knight Returns, Part 1",78,"Science Fiction,Action,Animation,Mystery",09/25/2012,1h 16m,Jay Oliva,https://www.themoviedb.org/movie/123025
328,Saint Seiya: Legend of Sanctuary,65,"Action,Animation,Fantasy",06/21/2014,1h 33m,Keiichi Sato,https://www.themoviedb.org/movie/287590
329,Don't Blame the Kid,76,"Comedy,Romance",05/13/2016,1h 53m,Gustavo Loza,https://www.themoviedb.org/movie/369299
330,God's Not Dead: A Light in Darkness,70,Drama,03/30/2018,1h 45m,Michael Mason,https://www.themoviedb.org/movie/454286
331,Skyline,49,"Science Fiction,Action",11/12/2010,1h 32m,Greg Strause,https://www.themoviedb.org/movie/42684
332,Drive,76,"Drama,Thriller,Crime",09/30/2011,1h 40m,Nicolas Winding Refn,https://www.themoviedb.org/movie/64690
333,The Purge: Election Year,64,"Action,Horror,Thriller",07/01/2016,1h 45m,James DeMonaco,https://www.themoviedb.org/movie/316727
334,Saga of Tanya the Evil: The Movie,80,"Animation,Action,War,Fantasy",02/08/2019,1h 38m,Yutaka Uemura,https://www.themoviedb.org/movie/553839
335,The Sorcerer and the White Snake,62,"Action,Fantasy",09/27/2011,1h 40m,Tony Ching Siu-Tung,https://www.themoviedb.org/movie/75948
336,Fifty Shades of Black,49,"Romance,Comedy",01/29/2016,1h 32m,Michael Tiddes,https://www.themoviedb.org/movie/351819
337,We Are Nothing,35,"Documentary,Music",09/22/2021,1h 50m,Javier Corcuera,https://www.themoviedb.org/movie/874043
338,Norbit,56,Comedy,02/08/2007,1h 42m,Brian Robbins,https://www.themoviedb.org/movie/9757
339,Belfast,72,Drama,11/12/2021,1h 38m,Kenneth Branagh,https://www.themoviedb.org/movie/777270
340,Drive My Car,75,Drama,08/20/2021,2h 59m,Ryusuke Hamaguchi,https://www.themoviedb.org/movie/758866
